-1.00000000,-1.00000000,-2.77341197,0.71200500
-0.90476190,-1.00000000,-2.55091542,0.73708263
-0.80451128,-1.00000000,-2.21352487,0.72151099
-0.70426065,-1.00000000,-1.80502587,0.65613111
-0.60401003,-1.00000000,-1.36999117,0.53900374
-0.50375940,-1.00000000,-0.95525788,0.37440350
-0.40350877,-1.00000000,-0.60212904,0.17318156
-0.30325815,-1.00000000,-0.33962588,-0.04794716
-0.20300752,-1.00000000,-0.18025154,-0.26819870
-0.10275689,-1.00000000,-0.11912487,-0.46537450
-0.00250627,-1.00000000,-0.13652539,-0.61895269
0.09774436,-1.00000000,-0.20308999,-0.71307235
0.19799499,-1.00000000,-0.28633821,-0.73886044
0.29824561,-1.00000000,-0.35701332,-0.69566651
0.39849624,-1.00000000,-0.39393025,-0.59098333
0.49874687,-1.00000000,-0.38652275,-0.43909270
0.59899749,-1.00000000,-0.33491241,-0.25872332
0.69924812,-1.00000000,-0.24790112,-0.07018518
0.79949875,-1.00000000,-0.13967557,0.10748580
0.89974937,-1.00000000,-0.02614457,0.25888638
1.00000000,-1.00000000,0.07827704,0.37376518
-1.00000000,-0.94987469,-2.84500796,0.70681913
-0.90476190,-0.94987469,-2.58144425,0.73175567
-0.80451128,-0.94987469,-2.19432781,0.71537694
-0.70426065,-0.94987469,-1.73369009,0.64825907
-0.60401003,-0.94987469,-1.24902037,0.52830500
-0.50375940,-0.94987469,-0.79195715,0.35979477
-0.40350877,-0.94987469,-0.40775646,0.15378574
-0.30325815,-0.94987469,-0.12795019,-0.07259853
-0.20300752,-0.94987469,0.03422429,-0.29800347
-0.10275689,-0.94987469,0.08470345,-0.49957684
-0.00250627,-0.94987469,0.04575795,-0.65616408
0.09774436,-0.94987469,-0.04972645,-0.75140130
0.19799499,-0.94987469,-0.16540128,-0.77613283
0.29824561,-0.94987469,-0.26839592,-0.72969922
0.39849624,-0.94987469,-0.33462856,-0.61986228
0.49874687,-0.94987469,-0.35161594,-0.46140632
0.59899749,-0.94987469,-0.31859367,-0.27371286
0.69924812,-0.94987469,-0.24438313,-0.07779117
0.79949875,-0.94987469,-0.14385654,0.10668006
0.89974937,-0.94987469,-0.03399227,0.26379444
1.00000000,-0.94987469,0.06960441,0.38298755
-1.00000000,-0.89974937,-2.90361312,0.69250820
-0.90476190,-0.89974937,-2.59747932,0.71699746
-0.80451128,-0.89974937,-2.15923058,0.69991828
-0.70426065,-0.89974937,-1.64529329,0.63166340
-0.60401003,-0.89974937,-1.11012395,0.50998881
-0.50375940,-0.89974937,-0.61019482,0.33913850
-0.40350877,-0.89974937,-0.19472974,0.13028222
-0.30325815,-0.89974937,0.10222861,-0.09918656
-0.20300752,-0.89974937,0.26671894,-0.32751140
-0.10275689,-0.89974937,0.30575046,-0.53136540
-0.00250627,-0.89974937,0.24416677,-0.68912862
0.09774436,-0.89974937,0.11840486,-0.78406941
0.19799499,-0.89974937,-0.03128210,-0.80683706
0.29824561,-0.89974937,-0.16836227,-0.75679435
0.39849624,-0.89974937,-0.26579738,-0.64194688
0.49874687,-0.89974937,-0.30911591,-0.47750725
0.59899749,-0.89974937,-0.29658848,-0.28340004
0.69924812,-0.89974937,-0.23697570,-0.08120577
0.79949875,-0.89974937,-0.14576204,0.10888295
0.89974937,-0.89974937,-0.04093706,0.27057104
1.00000000,-0.89974937,0.06074076,0.39306986
-1.00000000,-0.84962406,-2.94947993,0.66894870
-0.90476190,-0.84962406,-2.60005281,0.69268200
-0.80451128,-0.84962406,-2.11016167,0.67502952
-0.70426065,-0.84962406,-1.54266390,0.60628912
-0.60401003,-0.84962406,-0.95695159,0.48408444
-0.50375940,-0.84962406,-0.41428486,0.31258199
-0.40350877,-0.84962406,0.03219247,0.10296551
-0.30325815,-0.84962406,0.34596429,-0.12724923
-0.20300752,-0.84962406,0.51236345,-0.35608530
-0.10275689,-0.84962406,0.53946707,-0.55993469
-0.00250627,-0.84962406,0.45466726,-0.71689413
0.09774436,-0.84962406,0.29791727,-0.81001222
0.19799499,-0.84962406,0.11334178,-0.82983972
0.29824561,-0.84962406,-0.05888479,-0.77579720
0.39849624,-0.84962406,-0.18876243,-0.65610797
0.49874687,-0.84962406,-0.25979797,-0.48633314
0.59899749,-0.84962406,-0.26923800,-0.28682178
0.69924812,-0.84962406,-0.22570567,-0.07958670
0.79949875,-0.84962406,-0.14521490,0.11480568
0.89974937,-0.84962406,-0.04669013,0.27979616
1.00000000,-0.84962406,0.05201600,0.40446894
-1.00000000,-0.79949875,-2.98315547,0.63629018
-0.90476190,-0.79949875,-2.59058140,0.65896553
-0.80451128,-0.79949875,-2.04953222,0.64088561
-0.70426065,-0.79949875,-1.42920867,0.57234694
-0.60401003,-0.79949875,-0.79381756,0.45085899
-0.50375940,-0.79949875,-0.20927630,0.28047042
-0.40350877,-0.79949875,0.26746700,0.07227841
-0.30325815,-0.79949875,0.59750162,-0.15623216
-0.20300752,-0.79949875,0.76548188,-0.38305359
-0.10275689,-0.79949875,0.78052532,-0.58450068
-0.00250627,-0.79949875,0.67249855,-0.73857943
0.09774436,-0.79949875,0.48476832,-0.82827605
0.19799499,-0.79949875,0.26522270,-0.84414610
0.29824561,-0.79949875,0.05758814,-0.78570676
0.39849624,-0.79949875,-0.10522846,-0.66137239
0.49874687,-0.79949875,-0.20472229,-0.48696896
0.59899749,-0.79949875,-0.23708135,-0.28314486
0.69924812,-0.79949875,-0.21072152,-0.07219833
0.79949875,-0.79949875,-0.14209615,0.12507876
0.89974937,-0.79949875,-0.05097130,0.29199509
1.00000000,-0.79949875,0.04378736,0.41761073
-1.00000000,-0.74937343,-3.00542089,0.59496725
-0.90476190,-0.74937343,-2.57078110,0.61629867
-0.80451128,-0.74937343,-1.98012436,0.59795329
-0.70426065,-0.74937343,-1.30877597,0.53032241
-0.60401003,-0.74937343,-0.62554300,0.41082279
-0.50375940,-0.74937343,-0.00078043,0.24334708
-0.40350877,-0.74937343,0.50494693,0.03880569
-0.30325815,-0.74937343,0.85045689,-0.18550237
-0.20300752,-0.74937343,1.01976386,-0.40773231
-0.10275689,-0.74937343,1.02297625,-0.60433094
-0.00250627,-0.74937343,0.89231066,-0.75341212
0.09774436,-0.74937343,0.67437494,-0.83806252
0.19799499,-0.74937343,0.42063421,-0.84894991
0.29824561,-0.74937343,0.17820067,-0.78572881
0.39849624,-0.74937343,-0.01723142,-0.65697770
0.49874687,-0.74937343,-0.14520324,-0.47870130
0.59899749,-0.74937343,-0.20083835,-0.27171820
0.69924812,-0.74937343,-0.19228602,-0.05846040
0.79949875,-0.74937343,-0.13634428,0.14020787
0.89974937,-0.74937343,-0.05351216,0.30759953
1.00000000,-0.74937343,0.03643435,0.43285685
-1.00000000,-0.69924812,-3.01721658,0.54570013
-0.90476190,-0.69924812,-2.54256326,0.56542675
-0.80451128,-0.69924812,-1.90495579,0.54699045
-0.70426065,-0.69924812,-1.18549067,0.48097355
-0.60401003,-0.69924812,-0.45726532,0.36472447
-0.50375940,-0.69924812,0.20523859,0.20194476
-0.40350877,-0.69924812,0.73810122,0.00326086
-0.30325815,-0.69924812,1.09803867,-0.21436708
-0.20300752,-0.69924812,1.26847737,-0.42944983
-0.10275689,-0.69924812,1.26044656,-0.61877558
-0.00250627,-0.69924812,1.10833901,-0.76076553
0.09774436,-0.69924812,0.86176160,-0.83877079
0.19799499,-0.69924812,0.57549130,-0.84367970
0.29824561,-0.69924812,0.29978223,-0.77532533
0.39849624,-0.69924812,0.07292928,-0.64242301
0.49874687,-0.69924812,-0.08276341,-0.46106917
0.59899749,-0.69924812,-0.16138129,-0.25212221
0.69924812,-0.69924812,-0.17076143,-0.03799482
0.79949875,-0.69924812,-0.12795011,0.16053077
0.89974937,-0.69924812,-0.05405729,0.32690882
1.00000000,-0.69924812,0.03035384,0.45047060
-1.00000000,-0.64912281,-3.01955819,0.48948307
-0.90476190,-0.64912281,-2.50791820,0.50737750
-0.80451128,-0.64912281,-1.82712817,0.48903302
-0.70426065,-0.64912281,-1.06356901,0.42531672
-0.60401003,-0.64912281,-0.29422415,0.31353519
-0.50375940,-0.64912281,0.40269963,0.15716807
-0.40350877,-0.64912281,0.96026342,-0.03353409
-0.30325815,-0.64912281,1.33329921,-0.24209693
-0.20300752,-0.64912281,1.50471272,-0.44757360
-0.10275689,-0.64912281,1.48636621,-0.62729771
-0.00250627,-0.64912281,1.31460822,-0.76019283
0.09774436,-0.64912281,1.04173568,-0.83003513
0.19799499,-0.64912281,0.72549494,-0.82803950
0.29824561,-0.64912281,0.41896130,-0.75425735
0.39849624,-0.64912281,0.16277564,-0.61751319
0.49874687,-0.64912281,-0.01907416,-0.43390859
0.59899749,-0.64912281,-0.11969657,-0.22421264
0.69924812,-0.64912281,-0.14658792,-0.01066769
0.79949875,-0.64912281,-0.11694751,0.18617779
0.89974937,-0.64912281,-0.05236349,0.35005378
1.00000000,-0.64912281,0.02595548,0.47058459
-1.00000000,-0.59899749,-3.01344929,0.42756072
-0.90476190,-0.59899749,-2.46879358,0.44343629
-0.80451128,-0.59899749,-1.74966813,0.42536938
-0.70426065,-0.59899749,-0.94712364,0.36460050
-0.60401003,-0.59899749,-0.14153489,0.25842251
-0.50375940,-0.59899749,0.58565525,0.11006715
-0.40350877,-0.59899749,1.16489728,-0.07067507
-0.30325815,-0.59899749,1.54940445,-0.26795277
-0.20300752,-0.59899749,1.72164633,-0.46153753
-0.10275689,-0.59899749,1.69421625,-0.62950175
-0.00250627,-0.59899749,1.50515629,-0.75145661
0.09774436,-0.59899749,1.20908221,-0.81175592
0.19799499,-0.59899749,0.86629450,-0.80204122
0.29824561,-0.59899749,0.53229499,-0.72261871
0.39849624,-0.59899749,0.24974941,-0.58239364
0.49874687,-0.59899749,0.04411479,-0.39738786
0.59899749,-0.59899749,-0.07683819,-0.18815583
0.69924812,-0.59899749,-0.12025616,0.02337604
0.79949875,-0.59899749,-0.10340064,0.21703860
0.89974937,-0.59899749,-0.04819743,0.37696540
1.00000000,-0.59899749,0.02365729,0.49317199
-1.00000000,-0.54887218,-2.99979695,0.36139302
-0.90476190,-0.54887218,-2.42697538,0.37510943
-0.80451128,-0.54887218,-1.67537030,0.35750301
-0.70426065,-0.54887218,-0.83996991,0.30026876
-0.60401003,-0.54887218,-0.00396227,0.20071454
-0.50375940,-0.54887218,0.74854396,0.06180369
-0.40350877,-0.54887218,1.34586560,-0.10720753
-0.30325815,-0.54887218,1.73990911,-0.29121476
-0.20300752,-0.54887218,1.91281147,-0.47086874
-0.10275689,-0.54887218,1.87778527,-0.62515813
-0.00250627,-0.54887218,1.67426826,-0.73455213
0.09774436,-0.54887218,1.35876889,-0.78412199
0.19799499,-0.54887218,0.99366046,-0.76602672
0.29824561,-0.54887218,0.63640839,-0.68085833
0.39849624,-0.54887218,0.33131930,-0.53757313
0.49874687,-0.54887218,0.10505308,-0.35203116
0.59899749,-0.54887218,-0.03387539,-0.14445301
0.69924812,-0.54887218,-0.09227585,0.06368798
0.79949875,-0.54887218,-0.08738859,0.25273756
0.89974937,-0.54887218,-0.04133204,0.40735081
1.00000000,-0.54887218,0.02388132,0.51802355
-1.00000000,-0.49874687,-2.97933633,0.29260986
-0.90476190,-0.49874687,-2.38397954,0.30407703
-0.80451128,-0.49874687,-1.60665221,0.28710484
-0.70426065,-0.49874687,-0.74544462,0.23391395
-0.60401003,-0.49874687,0.11429336,0.14185579
-0.50375940,-0.49874687,0.88643018,0.01361074
-0.40350877,-0.49874687,1.49768819,-0.14216192
-0.30325815,-0.49874687,1.89902271,-0.31121247
-0.20300752,-0.49874687,2.07236198,-0.47521222
-0.10275689,-0.49874687,2.03142112,-0.61422294
-0.00250627,-0.49874687,1.81670774,-0.70972250
0.09774436,-0.49874687,1.48615095,-0.74762255
0.19799499,-0.49874687,1.10365867,-0.72067755
0.29824561,-0.49874687,0.72813665,-0.62978895
0.39849624,-0.49874687,0.40509132,-0.48393261
0.49874687,-0.49874687,0.16207070,-0.29872812
0.59899749,-0.49874687,0.00816249,-0.09395112
0.69924812,-0.49874687,-0.06314210,0.10950387
0.79949875,-0.49874687,-0.06898881,0.29262004
0.89974937,-0.49874687,-0.03154254,0.44067852
1.00000000,-0.49874687,0.02704896,0.54473239
-1.00000000,-0.44862155,-2.95257008,0.22295746
-0.90476190,-0.44862155,-2.34096127,0.23213730
-0.80451128,-0.44862155,-1.54542990,0.21595723
-0.70426065,-0.44862155,-0.66624805,0.16722290
-0.60401003,-0.44862155,0.20978498,0.08335686
-0.50375940,-0.44862155,0.99521899,-0.03325204
-0.40350877,-0.44862155,1.61577489,-0.17459116
-0.30325815,-0.44862155,2.02185231,-0.32735436
-0.20300752,-0.44862155,2.19531533,-0.47435190
-0.10275689,-0.44862155,2.15026520,-0.59685097
-0.00250627,-0.44862155,1.92793435,-0.67746479
0.09774436,-0.44862155,1.58716546,-0.70304746
0.19799499,-0.44862155,1.19281727,-0.66701121
0.29824561,-0.44862155,0.80466225,-0.57058105
0.39849624,-0.44862155,0.46891641,-0.42271837
0.49874687,-0.44862155,0.21365762,-0.23872782
0.59899749,-0.44862155,0.04834055,-0.03783866
0.69924812,-0.44862155,-0.03330209,0.15974533
0.79949875,-0.44862155,-0.04826075,0.33575131
0.89974937,-0.44862155,-0.01860289,0.47617475
1.00000000,-0.44862155,0.03357568,0.57268808
-1.00000000,-0.39849624,-2.91972694,0.15423886
-0.90476190,-0.39849624,-2.29864832,0.16114477
-0.80451128,-0.39849624,-1.49302208,0.14589212
-0.70426065,-0.39849624,-0.60431855,0.10191747
-0.60401003,-0.39849624,0.27997222,0.02674010
-0.50375940,-0.39849624,1.07183342,-0.07754524
-0.40350877,-0.39849624,1.69662117,-0.20360842
-0.30325815,-0.39849624,2.10460895,-0.33915494
-0.20300752,-0.39849624,2.27776205,-0.46822691
-0.10275689,-0.39849624,2.23045680,-0.57340120
-0.00250627,-0.39849624,2.00429566,-0.63852572
0.09774436,-0.39849624,1.65850477,-0.65147502
0.19799499,-0.39849624,1.25827716,-0.60636293
0.29824561,-0.39849624,0.86364011,-0.50474102
0.39849624,-0.39849624,0.52098930,-0.35551891
0.49874687,-0.39849624,0.25853736,-0.17361624
0.59899749,-0.39849624,0.08586898,0.02237457
0.69924812,-0.39849624,-0.00312437,0.21303668
0.79949875,-0.39849624,-0.02523132,0.38092940
0.89974937,-0.39849624,-0.00228352,0.51283210
1.00000000,-0.39849624,0.04386460,0.60108149
-1.00000000,-0.34837093,-2.88074289,0.08825103
-0.90476190,-0.34837093,-2.25730265,0.09294529
-0.80451128,-0.34837093,-1.45008882,0.07872627
-0.70426065,-0.34837093,-0.56074700,0.03969285
-0.60401003,-0.34837093,0.32333046,-0.02651608
-0.50375940,-0.34837093,1.11434476,-0.11809672
-0.40350877,-0.34837093,1.73795556,-0.22842294
-0.30325815,-0.34837093,2.14476692,-0.34625814
-0.20300752,-0.34837093,2.31703048,-0.45694159
-0.10275689,-0.34837093,2.26929682,-0.54443385
-0.00250627,-0.34837093,2.04318348,-0.59388684
0.09774436,-0.34837093,1.69775992,-0.59424698
0.19799499,-0.34837093,1.29791818,-0.54035309
0.29824561,-0.34837093,0.90330352,-0.43407362
0.39849624,-0.34837093,0.55993305,-0.28422525
0.49874687,-0.34837093,0.29573015,-0.10527705
0.59899749,-0.34837093,0.12014617,0.08489405
0.69924812,-0.34837093,0.02712684,0.26773729
0.79949875,-0.34837093,0.00011635,0.42671224
0.89974937,-0.34837093,0.01764868,0.54943112
1.00000000,-0.34837093,0.05829857,0.62892082
-1.00000000,-0.29824561,-2.83526642,0.02672178
-0.90476190,-0.29824561,-2.21671304,0.02931081
-0.80451128,-0.29824561,-1.41660834,0.01619651
-0.70426065,-0.29824561,-0.53573615,-0.01784353
-0.60401003,-0.29824561,0.33940963,-0.07503149
-0.50375940,-0.29824561,1.12204879,-0.15384603
-0.40350877,-0.29824561,1.73883125,-0.24837227
-0.30325815,-0.29824561,2.14116745,-0.34845534
-0.20300752,-0.29824561,2.31179823,-0.44076858
-0.10275689,-0.29824561,2.26536215,-0.51069852
-0.00250627,-0.29824561,2.04314627,-0.54473887
0.09774436,-0.29824561,1.70352618,-0.53293122
0.19799499,-0.29824561,1.31045383,-0.47084076
0.29824561,-0.29824561,0.92254502,-0.36062958
0.39849624,-0.29824561,0.58486407,-0.21097568
0.49874687,-0.29824561,0.32460166,-0.03583653
0.59899749,-0.29824561,0.15079166,0.14769291
0.69924812,-0.29824561,0.05731022,0.32198914
0.79949875,-0.29824561,0.02784932,0.47145902
0.89974937,-0.29824561,0.04142736,0.58457474
1.00000000,-0.29824561,0.07723051,0.65505913
-1.00000000,-0.24812030,-2.78268763,-0.02875089
-0.90476190,-0.24812030,-2.17621900,-0.02812304
-0.80451128,-0.24812030,-1.39189306,-0.04010178
-0.70426065,-0.24812030,-0.52860655,-0.06922962
-0.60401003,-0.24812030,0.32884003,-0.11757446
-0.50375940,-0.24812030,1.09548430,-0.18388431
-0.40350877,-0.24812030,1.69965730,-0.26294895
-0.30325815,-0.24812030,2.09406150,-0.34569700
-0.20300752,-0.24812030,2.26214475,-0.42014424
-0.10275689,-0.24812030,2.21856502,-0.47311355
-0.00250627,-0.24812030,2.00395175,-0.49244605
0.09774436,-0.24812030,1.67546536,-0.46927299
0.19799499,-0.24812030,1.29548956,-0.39986481
0.29824561,-0.24812030,0.92096764,-0.28663969
0.39849624,-0.24812030,0.59543408,-0.13808645
0.49874687,-0.24812030,0.34489413,0.03240586
0.59899749,-0.24812030,0.17766628,0.20857839
0.69924812,-0.24812030,0.08741707,0.37377806
0.79949875,-0.24812030,0.05808557,0.51338449
0.89974937,-0.24812030,0.06928019,0.61673474
1.00000000,-0.24812030,0.10097164,0.67823260
-1.00000000,-0.19799499,-2.72218936,-0.07675409
-0.90476190,-0.19799499,-2.13476435,-0.07791367
-0.80451128,-0.19799499,-1.37464355,-0.08877034
-0.70426065,-0.19799499,-0.53784834,-0.11320009
-0.60401003,-0.19799499,0.29328542,-0.15310570
-0.50375940,-0.19799499,1.03639355,-0.20748744
-0.40350877,-0.19799499,1.62216847,-0.27182028
-0.30325815,-0.19799499,2.00509040,-0.33809691
-0.20300752,-0.19799499,2.16954269,-0.39565639
-0.10275689,-0.19799499,2.13015455,-0.43273701
-0.00250627,-0.19799499,1.92659679,-0.43850145
0.09774436,-0.19799499,1.61432151,-0.40513660
0.19799499,-0.19799499,1.25354145,-0.32957463
0.29824561,-0.19799499,0.89890357,-0.21443808
0.39849624,-0.19799499,0.59184616,-0.06797100
0.49874687,-0.19799499,0.35673801,0.09705858
0.59899749,-0.19799499,0.20087798,0.26527025
0.69924812,-0.19799499,0.11757115,0.42100662
0.79949875,-0.19799499,0.09098821,0.55062447
0.89974937,-0.19799499,0.10141845,0.64430862
1.00000000,-0.19799499,0.12977787,0.69710834
-1.00000000,-0.14786967,-2.65281673,-0.11610754
-0.90476190,-0.14786967,-2.09097654,-0.11886012
-0.80451128,-0.14786967,-1.36303646,-0.12865516
-0.70426065,-0.14786967,-0.56121503,-0.14872916
-0.60401003,-0.14786967,0.23534693,-0.18081364
-0.50375940,-0.14786967,0.94762778,-0.22414091
-0.40350877,-0.14786967,1.50933634,-0.27484006
-0.30325815,-0.14786967,1.87720570,-0.32592881
-0.20300752,-0.14786967,2.03678936,-0.36802448
-0.10275689,-0.14786967,2.00266086,-0.39073040
-0.00250627,-0.14786967,1.81326435,-0.38447496
0.09774436,-0.14786967,1.52188948,-0.34243956
0.19799499,-0.14786967,1.18601433,-0.26215317
0.29824561,-0.14786967,0.85739921,-0.14637733
0.39849624,-0.14786967,0.57484401,-0.00305098
0.49874687,-0.14786967,0.36064285,0.15572773
0.59899749,-0.14786967,0.22077269,0.31548772
0.69924812,-0.14786967,0.14801814,0.46157569
0.79949875,-0.14786967,0.12675306,0.58130978
0.89974937,-0.14786967,0.13802291,0.66568458
1.00000000,-0.14786967,0.16383440,0.71033973
-1.00000000,-0.09774436,-2.57356029,-0.14590135
-0.90476190,-0.09774436,-2.04326639,-0.15004132
-0.80451128,-0.09774436,-1.35484047,-0.15888308
-0.70426065,-0.09774436,-0.59585287,-0.17506293
-0.60401003,-0.09774436,0.15842427,-0.20013976
-0.50375940,-0.09774436,0.83300414,-0.23355537
-0.40350877,-0.09774436,1.36522736,-0.27205177
-0.30325815,-0.09774436,1.71453398,-0.30961529
-0.20300752,-0.09774436,1.86788264,-0.33807312
-0.10275689,-0.09774436,1.83978555,-0.34831643
-0.00250627,-0.09774436,1.66723032,-0.33195609
0.09774436,-0.09774436,1.40093836,-0.28308208
0.19799499,-0.09774436,1.09514068,-0.19973558
0.29824561,-0.09774436,0.79816744,-0.08473940
0.39849624,-0.09774436,0.54567486,0.05433731
0.49874687,-0.09774436,0.35746820,0.20611141
0.59899749,-0.09774436,0.23791045,0.35704151
0.69924812,-0.09774436,0.17910514,0.49347113
0.79949875,-0.09774436,0.16559011,0.60364547
0.89974937,-0.09774436,0.17922637,0.67931169
1.00000000,-0.09774436,0.20323925,0.71662681
-1.00000000,-0.04761905,-2.48344702,-0.16552263
-0.90476190,-0.04761905,-1.98994156,-0.17084264
-0.80451128,-0.04761905,-1.34755270,-0.17888656
-0.70426065,-0.04761905,-0.63845773,-0.19174017
-0.60401003,-0.04761905,0.06654285,-0.21079295
-0.50375940,-0.04761905,0.69712272,-0.23567210
-0.40350877,-0.04761905,1.19481667,-0.26368312
-0.30325815,-0.04761905,1.52219432,-0.28970958
-0.20300752,-0.04761905,1.66784868,-0.30670002
-0.10275689,-0.04761905,1.64624486,-0.30673278
-0.00250627,-0.04761905,1.49272556,-0.28249411
0.09774436,-0.04761905,1.25509422,-0.22887489
0.19799499,-0.04761905,0.98388387,-0.14432698
0.29824561,-0.04761905,0.72350985,-0.03164606
0.39849624,-0.04761905,0.50602825,0.10203660
0.49874687,-0.04761905,0.34837576,0.24609437
0.59899749,-0.04761905,0.25302815,0.38792626
0.69924812,-0.04761905,0.21125111,0.51485140
0.79949875,-0.04761905,0.20769960,0.61599139
0.89974937,-0.04761905,0.22509388,0.68377191
1.00000000,-0.04761905,0.24798633,0.71477879
-1.00000000,0.00250627,-2.38163297,-0.17467002
-0.90476190,0.00250627,-1.92932615,-0.18096992
-0.80451128,0.00250627,-1.33854692,-0.18841576
-0.70426065,0.00250627,-0.68544968,-0.19860074
-0.60401003,0.00250627,-0.03584270,-0.21275239
-0.50375940,0.00250627,0.54515447,-0.23065857
-0.40350877,0.00250627,1.00376831,-0.25013232
-0.30325815,0.00250627,1.30607915,-0.26687114
-0.20300752,0.00250627,1.44253122,-0.27483982
-0.10275689,0.00250627,1.42757430,-0.26718392
-0.00250627,0.00250627,1.29476102,-0.23753816
0.09774436,0.00250627,1.08868851,-0.18146889
0.19799499,0.00250627,0.85581108,-0.09772327
0.29824561,0.00250627,0.63621324,0.01102682
0.39849624,0.00250627,0.45795390,0.13815818
0.49874687,0.00250627,0.33476577,0.27383848
0.59899749,0.00250627,0.26699093,0.40640927
0.69924812,0.00250627,0.24491028,0.52413200
0.79949875,0.00250627,0.25324436,0.61694023
0.89974937,0.00250627,0.27560160,0.67785024
1.00000000,0.00250627,0.29794921,0.70377541
-1.00000000,0.05263158,-2.26749127,-0.17335590
-0.90476190,0.05263158,-1.85987907,-0.18045072
-0.80451128,0.05263158,-1.32522450,-0.18753784
-0.70426065,0.05263158,-0.73315499,-0.19578181
-0.60401003,0.05263158,-0.14405741,-0.20625946
-0.50375940,0.05263158,0.38261219,-0.21889447
-0.40350877,0.05263158,0.79819411,-0.23194706
-0.30325815,0.05263158,1.07261024,-0.24183641
-0.20300752,0.05263158,1.19835394,-0.24342580
-0.10275689,0.05263158,1.18990530,-0.23079338
-0.00250627,0.05263158,1.07892507,-0.19838035
0.09774436,0.05263158,0.90658058,-0.14228969
0.19799499,0.05263158,0.71494273,-0.06143856
0.29824561,0.05263158,0.53942611,0.04172705
0.39849624,0.05263158,0.40376354,0.16116281
0.49874687,0.05263158,0.31820126,0.28786452
0.59899749,0.05263158,0.28073540,0.41111075
0.69924812,0.05263158,0.28053051,0.52006211
0.79949875,0.05263158,0.30232009,0.60538881
0.89974937,0.05263158,0.33061599,0.66059925
1.00000000,0.05263158,0.35286667,0.68282385
-1.00000000,0.10275689,-2.14068982,-0.16189686
-0.90476190,0.10275689,-1.78030352,-0.16962333
-0.80451128,0.10275689,-1.30515921,-0.17662410
-0.70426065,0.10275689,-0.77798525,-0.18370262
-0.60401003,0.10275689,-0.25341561,-0.19179931
-0.50375940,0.10275689,0.21511653,-0.20094947
-0.40350877,0.10275689,0.58440400,-0.20979752
-0.30325815,0.10275689,0.82848279,-0.21538625
-0.20300752,0.10275689,0.94206798,-0.21335133
-0.10275689,0.10275689,0.93972540,-0.19855880
-0.00250627,0.10275689,0.85116377,-0.16610443
0.09774436,0.10275689,0.71396321,-0.11248050
0.19799499,0.10275689,0.56558653,-0.03664310
0.29824561,0.10275689,0.43652183,0.05929205
0.39849624,0.10275689,0.34592206,0.16992898
0.49874687,0.10275689,0.30032456,0.28712101
0.59899749,0.10275689,0.29520804,0.40107158
0.69924812,0.10275689,0.31850975,0.50178958
0.79949875,0.10275689,0.35492585,0.58059882
0.89974937,0.10275689,0.38987486,0.63139442
1.00000000,0.10275689,0.41233134,0.65140785
-1.00000000,0.15288221,-2.00125343,-0.14089312
-0.90476190,0.15288221,-1.68964151,-0.14911454
-0.80451128,0.15288221,-1.27622792,-0.15632607
-0.70426065,0.15288221,-0.81660405,-0.16303890
-0.60401003,0.15288221,-0.35942059,-0.17007363
-0.50375940,0.15288221,0.04816931,-0.17755401
-0.40350877,0.15288221,0.36866020,-0.18444494
-0.30325815,0.15288221,0.58041021,-0.18831210
-0.20300752,0.15288221,0.68049741,-0.18543308
-0.10275689,0.15288221,0.68363381,-0.17131213
-0.00250627,0.15288221,0.61755484,-0.14154287
0.09774436,0.15288221,0.51616129,-0.09285613
0.19799499,0.15288221,0.41216454,-0.02411457
0.29824561,0.15288221,0.33095571,0.06299963
0.39849624,0.15288221,0.28693398,0.16380491
0.49874687,0.15288221,0.28277095,0.27103644
0.59899749,0.15288221,0.31130266,0.37580472
0.69924812,0.15288221,0.35915327,0.46891046
0.79949875,0.15288221,0.41093699,0.54224345
0.89974937,0.15288221,0.45297206,0.58997710
1.00000000,0.15288221,0.47578267,0.60932634
-1.00000000,0.20300752,-1.84960699,-0.11119852
-0.90476190,0.20300752,-1.58734787,-0.11980768
-0.80451128,0.20300752,-1.23672027,-0.12754217
-0.70426065,0.20300752,-0.84607292,-0.13468870
-0.60401003,0.20300752,-0.45794452,-0.14196616
-0.50375940,0.20300752,-0.11305537,-0.14956499
-0.40350877,0.20300752,0.15694690,-0.15670776
-0.30325815,0.20300752,0.33488149,-0.16138250
-0.20300752,0.20300752,0.42029423,-0.16037808
-0.10275689,0.20300752,0.42810393,-0.14968696
-0.00250627,0.20300752,0.38408616,-0.12524432
0.09774436,0.20300752,0.31843301,-0.08387042
0.19799499,0.20300752,0.25904184,-0.02420536
0.29824561,0.20300752,0.22612326,0.05260081
0.39849624,0.20300752,0.22923139,0.14264139
0.49874687,0.20300752,0.26708446,0.23955201
0.59899749,0.20300752,0.32980082,0.33532738
0.69924812,0.20300752,0.40263480,0.42150016
0.79949875,0.20300752,0.47008276,0.49043717
0.89974937,0.20300752,0.51934733,0.53648230
1.00000000,0.20300752,0.54250531,0.55671889
-1.00000000,0.25313283,-1.68659675,-0.07388270
-0.90476190,0.25313283,-1.47334023,-0.08280288
-0.80451128,0.25313283,-1.18542227,-0.09137687
-0.70426065,0.25313283,-0.86396993,-0.09973165
-0.60401003,0.25313283,-0.54538072,-0.10850309
-0.50375940,0.25313283,-0.26389298,-0.11792825
-0.40350877,0.25313283,-0.04523453,-0.12742697
-0.30325815,0.25313283,0.09794176,-0.13531198
-0.20300752,0.25313283,0.16771386,-0.13875624
-0.10275689,0.25313283,0.17926312,-0.13409475
-0.00250627,0.25313283,0.15644863,-0.11745326
0.09774436,0.25313283,0.12578307,-0.08559892
0.19799499,0.25313283,0.11036491,-0.03682768
0.29824561,0.25313283,0.12522671,0.02833295
0.39849624,0.25313283,0.17506912,0.10680375
0.49874687,0.25313283,0.25464038,0.19313283
0.59899749,0.25313283,0.35131893,0.28017194
0.69924812,0.25313283,0.44896440,0.36012438
0.79949875,0.25313283,0.53193061,0.42574662
0.89974937,0.25313283,0.58828286,0.47144962
1.00000000,0.25313283,0.61163399,0.49407641
-1.00000000,0.30325815,-1.51348907,-0.03018751
-0.90476190,0.30325815,-1.34802283,-0.03937156
-0.80451128,0.30325815,-1.12167055,-0.04909464
-0.70426065,0.30325815,-0.86847644,-0.05938380
-0.60401003,0.30325815,-0.61876248,-0.07081046
-0.50375940,0.30325815,-0.40033643,-0.08364001
-0.40350877,0.30325815,-0.23303711,-0.09743274
-0.30325815,0.30325815,-0.12499537,-0.11073382
-0.20300752,0.30325815,-0.07158021,-0.12097988
-0.10275689,0.30325815,-0.05730124,-0.12471118
-0.00250627,0.30325815,-0.06014792,-0.11810292
0.09774436,0.30325815,-0.05720450,-0.09773764
0.19799499,0.30325815,-0.03008299,-0.06145726
0.29824561,0.30325815,0.03115598,-0.00908770
0.39849624,0.30325815,0.12643250,0.05716189
0.49874687,0.30325815,0.24657889,0.13275678
0.59899749,0.30325815,0.37626529,0.21137474
0.69924812,0.30325815,0.49796531,0.28582870
0.79949875,0.30325815,0.59587883,0.34918170
0.89974937,0.30325815,0.65890744,0.39581615
1.00000000,0.30325815,0.68216522,0.42223612
-1.00000000,0.35338346,-1.33194680,0.01852020
-0.90476190,0.35338346,-1.21228388,0.00909250
-0.80451128,0.35338346,-1.04537591,-0.00207075
-0.70426065,0.35338346,-0.85842948,-0.01495029
-0.60401003,0.35338346,-0.67584485,-0.03007054
-0.50375940,0.35338346,-0.51914533,-0.04770887
-0.40350877,0.35338346,-0.40240074,-0.06751388
-0.30325815,0.35338346,-0.32929748,-0.08817806
-0.20300752,0.35338346,-0.29267562,-0.10729114
-0.10275689,0.35338346,-0.27670240,-0.12147325
-0.00250627,0.35338346,-0.26112892,-0.12682177
0.09774436,0.35338346,-0.22650697,-0.11961811
0.19799499,0.35338346,-0.15900372,-0.09715558
0.29824561,0.35338346,-0.05361070,-0.05849380
0.39849624,0.35338346,0.08496185,-0.00494115
0.49874687,0.35338346,0.24375308,0.05988127
0.59899749,0.35338346,0.40480957,0.13044286
0.69924812,0.35338346,0.54926178,0.20010694
0.79949875,0.35338346,0.66115874,0.26216684
0.89974937,0.35338346,0.73020898,0.31089146
1.00000000,0.35338346,0.75297630,0.34236053
-1.00000000,0.40350877,-1.14398520,0.07079740
-0.90476190,0.40350877,-1.06746759,0.06112349
-0.80451128,0.40350877,-0.95701669,0.04825852
-0.70426065,0.40350877,-0.83333957,0.03222199
-0.60401003,0.40350877,-0.71514810,0.01252059
-0.50375940,0.40350877,-0.61791441,-0.01112050
-0.40350877,0.40350877,-0.55014266,-0.03839145
-0.30325815,0.40350877,-0.51122100,-0.06805586
-0.20300752,0.40350877,-0.49152977,-0.09775798
-0.10275689,0.40350877,-0.47487675,-0.12408736
-0.00250627,0.40350877,-0.44267430,-0.14295328
0.09774436,0.40350877,-0.37877250,-0.15023792
0.19799499,0.40350877,-0.27367866,-0.14260964
0.29824561,0.40350877,-0.12708264,-0.11831381
0.39849624,0.40350877,0.05189712,-0.07774087
0.49874687,0.40350877,0.24669390,-0.02361063
0.59899749,0.40350877,0.43686656,0.03930047
0.69924812,0.40350877,0.60227873,0.10484989
0.79949875,0.40350877,0.72684684,0.16649370
0.89974937,0.40350877,0.80105530,0.21831555
1.00000000,0.40350877,0.82285120,0.25590149
-1.00000000,0.45363409,-0.95191014,0.12517328
-0.90476190,0.45363409,-0.91532365,0.11523300
-0.80451128,0.45363409,-0.85760425,0.10044461
-0.70426065,0.45363409,-0.79337555,0.08078979
-0.60401003,0.45363409,-0.73596394,0.05579273
-0.50375940,0.45363409,-0.69510128,0.02519390
-0.40350877,0.45363409,-0.67400510,-0.01069767
-0.30325815,0.45363409,-0.66797540,-0.05065050
-0.20300752,0.45363409,-0.66504566,-0.09227860
-0.10275689,0.45363409,-0.64866555,-0.13204758
-0.00250627,0.45363409,-0.60179998,-0.16558793
0.09774436,0.45363409,-0.51139545,-0.18830523
0.19799499,0.45363409,-0.37203319,-0.19618725
0.29824561,0.45363409,-0.18780656,-0.18663568
0.39849624,0.45363409,0.02804439,-0.15912058
0.49874687,0.45363409,0.25559353,-0.11548213
0.59899749,0.45363409,0.47209500,-0.05978293
0.69924812,0.45363409,0.65625376,0.00227645
0.79949875,0.45363409,0.79188682,0.06425741
0.89974937,0.45363409,0.87022284,0.12000179
1.00000000,0.45363409,0.89051265,0.16455065
-1.00000000,0.50375940,-0.75824243,0.18019537
-0.90476190,0.50375940,-0.75793780,0.16995695
-0.80451128,0.50375940,-0.74862403,0.15307212
-0.70426065,0.50375940,-0.73931963,0.12945526
-0.60401003,0.50375940,-0.73832705,0.09863697
-0.50375940,0.50375940,-0.75001555,0.06038405
-0.40350877,0.50375940,-0.77266163,0.01503927
-0.30325815,0.50375940,-0.79774463,-0.03611540
-0.20300752,0.50375940,-0.81110510,-0.09059397
-0.10275689,0.50375940,-0.79585541,-0.14466329
-0.00250627,0.50375940,-0.73640069,-0.19360559
0.09774436,0.50375940,-0.62255664,-0.23229502
0.19799499,0.50375940,-0.45266988,-0.25600510
0.29824561,0.50375940,-0.23488963,-0.26128420
0.39849624,0.50375940,0.01376511,-0.24669503
0.49874687,0.50375940,0.27030713,-0.21322933
0.59899749,0.50375940,0.50991127,-0.16427871
0.69924812,0.50375940,0.71026080,-0.10514931
0.79949875,0.50375940,0.85512066,-0.04222051
0.89974937,0.50375940,0.93643224,0.01806755
1.00000000,0.50375940,0.95465938,0.07017905
-1.00000000,0.55388471,-0.56563255,0.23447196
-0.90476190,0.55388471,-0.59764814,0.22389827
-0.80451128,0.55388471,-0.63195708,0.20479985
-0.70426065,0.55388471,-0.67249747,0.17700270
-0.60401003,0.55388471,-0.72295642,0.14003569
-0.50375940,0.55388471,-0.78277342,0.09370131
-0.40350877,0.55388471,-0.84568552,0.03840428
-0.30325815,0.55388471,-0.89966869,-0.02447869
-0.20300752,0.55388471,-0.92856137,-0.09230739
-0.10275689,0.55388471,-0.91517912,-0.16109442
-0.00250627,0.55388471,-0.84525514,-0.22572628
0.09774436,0.55388471,-0.71122907,-0.28051410
0.19799499,0.55388471,-0.51487122,-0.32000627
0.29824561,0.55388471,-0.26799616,-0.33990830
0.39849624,0.55388471,0.00898708,-0.33790425
0.49874687,0.55388471,0.29037243,-0.31417813
0.59899749,0.55388471,0.54951695,-0.27149568
0.69924812,0.55388471,0.76324430,-0.21481109
0.79949875,0.55388471,0.91532726,-0.15047877
0.89974937,0.55388471,0.99838920,-0.08524409
1.00000000,0.55388471,1.01400684,-0.02523146
-1.00000000,0.60401003,-0.37677039,0.28670951
-0.90476190,0.60401003,-0.43695219,0.27576416
-0.80451128,0.60401003,-0.50978719,0.25439593
-0.70426065,0.60401003,-0.59468860,0.22232943
-0.60401003,0.60401003,-0.69117209,0.17908655
-0.50375940,0.60401003,-0.79422288,0.12451338
-0.40350877,0.60401003,-0.89348508,0.05909842
-0.30325815,0.60401003,-0.97378957,-0.01565368
-0.20300752,0.60401003,-1.01719528,-0.09690983
-0.10275689,0.60401003,-1.00628003,-0.18039230
-0.00250627,0.60401003,-0.92799652,-0.26056634
0.09774436,0.60401003,-0.77715164,-0.33117168
0.19799499,0.60401003,-0.55857380,-0.38604316
0.29824561,0.60401003,-0.28732001,-0.42007380
0.39849624,0.60401003,0.01323566,-0.43011296
0.49874687,0.60401003,0.31504514,-0.41558675
0.59899749,0.60401003,0.58993829,-0.37868224
0.69924812,0.60401003,0.81406180,-0.32403878
0.79949875,0.60401003,0.97126681,-0.25800825
0.89974937,0.60401003,1.05482866,-0.18764750
1.00000000,0.60401003,1.06732965,-0.11966133
-1.00000000,0.65413534,-0.19429455,0.33574411
-0.90476190,0.65413534,-0.27840986,0.32439713
-0.80451128,0.65413534,-0.38449950,0.30076651
-0.70426065,0.65413534,-0.50802331,0.26446999
-0.60401003,0.65413534,-0.64479316,0.21502005
-0.50375940,0.65413534,-0.78584586,0.15231287
-0.40350877,0.65413534,-0.91721209,0.07693646
-0.30325815,0.65413534,-1.02096739,-0.00945413
-0.20300752,0.65413534,-1.07763962,-0.10380944
-0.10275689,0.65413534,-1.06964475,-0.20154393
-0.00250627,0.65413534,-0.98505229,-0.29669742
0.09774436,0.65413534,-0.82077447,-0.38245199
0.19799499,0.65413534,-0.58431733,-0.45196203
0.29824561,0.65413534,-0.29353555,-0.49935726
0.39849624,0.65413534,0.02568208,-0.52071074
0.49874687,0.65413534,0.34334736,-0.51474893
0.59899749,0.65413534,0.63007496,-0.48312906
0.69924812,0.65413534,0.86153255,-0.43020753
0.79949875,0.65413534,1.02172825,-0.36234460
0.89974937,0.65413534,1.10456022,-0.28689857
1.00000000,0.65413534,1.11350364,-0.21112727
-1.00000000,0.70426065,-0.02070566,0.38056645
-0.90476190,0.70426065,-0.12454729,0.36879911
-0.80451128,0.70426065,-0.25857596,0.34297748
-0.70426065,0.70426065,-0.41487214,0.30261358
-0.60401003,0.70426065,-0.58602400,0.24721074
-0.50375940,0.70426065,-0.75964384,0.17672025
-0.40350877,0.70426065,-0.91864966,0.09183968
-0.30325815,0.70426065,-1.04277308,-0.00561324
-0.20300752,0.70426065,-1.11127846,-0.11236332
-0.10275689,0.70426065,-1.10650994,-0.22351730
-0.00250627,0.70426065,-1.01755869,-0.33270500
0.09774436,0.70426065,-0.84318076,-0.43258528
0.19799499,0.70426065,-0.59317297,-0.51568483
0.29824561,0.70426065,-0.28773134,-0.57543647
0.39849624,0.70426065,0.04520541,-0.60720824
0.49874687,0.70426065,0.37412596,-0.60909278
0.59899749,0.70426065,0.66875507,-0.58226750
0.69924812,0.70426065,0.90448923,-0.53083266
0.79949875,0.70426065,1.06557745,-0.46115709
0.89974937,0.70426065,1.14651227,-0.38087545
1.00000000,0.70426065,1.15154556,-0.29775359
-1.00000000,0.75438596,0.14171261,0.42033993
-0.90476190,0.75438596,0.02223388,0.40814850
-0.80451128,0.75438596,-0.13449314,0.38026911
-0.70426065,0.75438596,-0.31773374,0.33611479
-0.60401003,0.75438596,-0.51733462,0.27518225
-0.50375940,0.75438596,-0.71801372,0.19748164
-0.40350877,0.75438596,-0.90008681,0.10382481
-0.30325815,0.75438596,-1.04136464,-0.00380484
-0.20300752,0.75438596,-1.12012773,-0.12190991
-0.10275689,0.75438596,-1.11874939,-0.24530527
-0.00250627,0.75438596,-1.02725581,-0.36724389
0.09774436,0.75438596,-0.84599047,-0.47991399
0.19799499,0.75438596,-0.58665570,-0.57528474
0.29824561,0.75438596,-0.27133095,-0.64617325
0.39849624,0.75438596,0.07046401,-0.68732504
0.49874687,0.75438596,0.40611686,-0.69627086
0.59899749,0.75438596,0.70479304,-0.67375913
0.69924812,0.75438596,0.94182978,-0.62365604
0.79949875,0.75438596,1.10180336,-0.55232954
0.89974937,0.75438596,1.17977254,-0.46765221
1.00000000,0.75438596,1.18064822,-0.37783736
-1.00000000,0.80451128,0.29096155,0.45441198
-0.90476190,0.80451128,0.15973787,0.44181030
-0.80451128,0.80451128,-0.01462689,0.41206379
-0.70426065,0.80451128,-0.21912668,0.36449781
-0.60401003,0.80451128,-0.44134153,0.29860685
-0.50375940,0.80451128,-0.66362053,0.21446233
-0.40350877,0.80451128,-0.86418624,0.11299028
-0.30325815,0.80451128,-1.01935361,-0.00366543
-0.20300752,0.80451128,-1.10670397,-0.13180000
-0.10275689,0.80451128,-1.10874817,-0.26596602
-0.00250627,0.80451128,-1.01636955,-0.39908787
0.09774436,0.80451128,-0.83125186,-0.52295112
0.19799499,0.80451128,-0.56662643,-0.62905193
0.29824561,0.80451128,-0.24600579,-0.70968520
0.39849624,0.80451128,0.09997205,-0.75906517
0.49874687,0.80451128,0.43801166,-0.77423745
0.59899749,0.80451128,0.73704694,-0.75557244
0.69924812,0.80451128,0.97256644,-0.70672003
0.79949875,0.80451128,1.12955948,-0.63402965
0.89974937,0.80451128,1.20362296,-0.54556204
1.00000000,0.80451128,1.20020937,-0.44990440
-1.00000000,0.85463659,0.42538204,0.48231869
-0.90476190,0.85463659,0.28604370,0.46933939
-0.80451128,0.85463659,0.09883224,0.43796736
-0.70426065,0.85463659,-0.12148963,0.38745490
-0.60401003,0.85463659,-0.36069417,0.31730012
-0.50375940,0.85463659,-0.59927260,0.22763678
-0.40350877,0.85463659,-0.81385176,0.11950082
-0.30325815,0.85463659,-0.97966862,-0.00481572
-0.20300752,0.85463659,-1.07388806,-0.14142499
-0.10275689,0.85463659,-1.07927038,-0.28465815
-0.00250627,0.85463659,-0.98748677,-0.42717151
0.09774436,0.85463659,-0.80132664,-0.56042819
0.19799499,0.85463659,-0.53518895,-0.67554700
0.29824561,0.85463659,-0.21358488,-0.76440320
0.39849624,0.85463659,0.13217691,-0.82077739
0.49874687,0.85463659,0.46852257,-0.84130985
0.59899749,0.85463659,0.76447212,-0.82604355
0.69924812,0.85463659,0.99586916,-0.77842603
0.79949875,0.85463659,1.14819853,-0.70476383
0.89974937,0.85463659,1.21756686,-0.61324731
1.00000000,0.85463659,1.20985282,-0.51275380
-1.00000000,0.90476190,0.54369416,0.50378333
-0.90476190,0.90476190,0.39955945,0.49047781
-0.80451128,0.90476190,0.20394987,0.45776455
-0.70426065,0.90476190,-0.02709368,0.40483965
-0.60401003,0.90476190,-0.27797149,0.33121154
-0.50375940,0.90476190,-0.52780463,0.23707615
-0.40350877,0.90476190,-0.75210095,0.12357139
-0.30325815,0.90476190,-0.92542178,-0.00688062
-0.20300752,0.90476190,-1.02478981,-0.15024091
-0.10275689,0.90476190,-1.03332646,-0.30066888
-0.00250627,0.90476190,-0.94342945,-0.45062245
0.09774436,0.90476190,-0.75877447,-0.59133124
0.19799499,0.90476190,-0.49458711,-0.71364004
0.29824561,0.90476190,-0.17596612,-0.80911288
0.39849624,0.90476190,0.16553335,-0.87119808
0.49874687,0.90476190,0.49644253,-0.89621170
0.59899749,0.90476190,0.78616820,-0.88391879
0.69924812,0.90476190,1.01110118,-0.83757535
0.79949875,0.90476190,1.15729843,-0.76341562
0.89974937,0.90476190,1.22134724,-0.66969463
1.00000000,0.90476190,1.20944071,-0.56548915
-1.00000000,0.95488722,0.64502108,0.51870924
-0.90476190,0.95488722,0.49906048,0.50514643
-0.80451128,0.95488722,0.29910284,0.47140935
-0.70426065,0.95488722,0.06203036,0.41665593
-0.60401003,0.95488722,-0.19559205,0.34041201
-0.50375940,0.95488722,-0.45197240,0.24293421
-0.40350877,0.95488722,-0.68194776,0.12545151
-0.30325815,0.95488722,-0.85978317,-0.00950648
-0.20300752,0.95488722,-0.96261909,-0.15778733
-0.10275689,0.95488722,-0.97404584,-0.31343445
-0.00250627,0.95488722,-0.88713352,-0.46878312
0.09774436,0.95488722,-0.70624175,-0.61492372
0.19799499,0.95488722,-0.44710673,-0.74253434
0.29824561,0.95488722,-0.13503317,-0.84297881
0.39849624,0.95488722,0.19857093,-0.90947552
0.49874687,0.95488722,0.52069729,-0.93809696
0.59899749,0.95488722,0.80141721,-0.92837811
0.69924812,0.95488722,1.01784505,-0.88339155
0.79949875,0.95488722,1.15667830,-0.80926648
0.89974937,0.95488722,1.21495509,-0.71425402
1.00000000,0.95488722,1.19907637,-0.60753570
